<?xml version="1.0" encoding="UTF-8"?>
<project-private xmlns="http://www.netbeans.org/ns/project-private/1">
    <editor-bookmarks xmlns="http://www.netbeans.org/ns/editor-bookmarks/2" lastBookmarkId="0"/>
    <open-files xmlns="http://www.netbeans.org/ns/projectui-open-files/2">
        <group>
            <file>file:/C:/Users/Asus/Documents/NetBeansProjects/kompor/src/kompor/model/KomporProperty.java</file>
            <file>file:/C:/Users/Asus/Documents/NetBeansProjects/kompor/src/kompor/FXMLDocumentController.java</file>
            <file>file:/C:/Users/Asus/Documents/NetBeansProjects/kompor/src/kompor/db/DBHelper.java</file>
            <file>file:/C:/Users/Asus/Documents/NetBeansProjects/kompor/src/kompor/Kompor.java</file>
            <file>file:/C:/Users/Asus/Documents/NetBeansProjects/kompor/src/kompor/FXMLDataView.fxml</file>
            <file>file:/C:/Users/Asus/Documents/NetBeansProjects/kompor/src/kompor/model/Kompor.java</file>
            <file>file:/C:/Users/Asus/Documents/NetBeansProjects/kompor/src/kompor/db/DBHandler.java</file>
            <file>file:/C:/Users/Asus/Documents/NetBeansProjects/kompor/src/kompor/FXMLDataViewController.java</file>
        </group>
    </open-files>
</project-private>
